id,reg_date,expire_date
1,2022-09-30,2022-10-21
2,2022-09-18,2022-10-04
3,2022-09-28,2022-10-18
4,2022-09-20,2022-10-12
5,2022-09-23,2022-10-19
6,2022-09-21,2022-10-11
7,2022-09-05,2022-10-19
8,2022-09-15,2022-10-06
9,2022-09-05,2022-10-04
10,2022-09-09,2022-10-20
11,2022-09-30,2022-10-12
12,2022-09-24,2022-10-23
13,2022-09-05,2022-10-04
14,2022-09-11,2022-10-14
15,2022-09-24,2022-10-30
16,2022-09-13,2022-10-23
17,2022-09-10,2022-10-25
18,2022-09-21,2022-10-19
19,2022-09-16,2022-10-05
20,2022-09-11,2022-10-31
21,2022-09-17,2022-10-22
22,2022-09-29,2022-11-01
23,2022-10-01,2022-10-29
24,2022-09-09,2022-10-21
25,2022-09-14,2022-10-13
26,2022-09-03,2022-10-12
27,2022-09-08,2022-10-05
28,2022-09-16,2022-10-26
29,2022-09-28,2022-10-09
30,2022-09-10,2022-10-19
31,2022-09-20,2022-10-25
32,2022-09-13,2022-10-15
33,2022-09-18,2022-10-11
34,2022-09-18,2022-10-26
35,2022-09-16,2022-10-09
36,2022-09-19,2022-10-19
37,2022-09-23,2022-10-15
38,2022-09-20,2022-10-22
39,2022-09-13,2022-10-27
40,2022-09-29,2022-10-07
41,2022-09-29,2022-10-28
42,2022-09-13,2022-10-07
43,2022-09-21,2022-10-23
44,2022-09-09,2022-10-28
45,2022-09-12,2022-10-29
46,2022-09-21,2022-10-12
47,2022-09-24,2022-10-13
48,2022-09-16,2022-10-23
49,2022-09-26,2022-10-22
50,2022-09-16,2022-10-18
51,2022-09-20,2022-10-17
52,2022-09-19,2022-10-21
53,2022-09-08,2022-10-16
54,2022-09-22,2022-10-05
55,2022-09-26,2022-10-14
56,2022-09-30,2022-10-22
57,2022-10-01,2022-10-11
58,2022-09-08,2022-10-31
59,2022-09-14,2022-10-29
60,2022-09-30,2022-10-25
61,2022-09-07,2022-10-26
62,2022-09-08,2022-10-22
63,2022-09-11,2022-10-16
64,2022-09-15,2022-10-24
65,2022-09-14,2022-11-01
66,2022-09-05,2022-10-31
67,2022-09-12,2022-10-22
68,2022-09-07,2022-10-19
69,2022-09-12,2022-10-17
70,2022-09-11,2022-10-23
71,2022-09-12,2022-10-24
72,2022-10-01,2022-10-14
73,2022-09-30,2022-10-18
74,2022-09-09,2022-11-01
75,2022-09-05,2022-10-23
76,2022-09-06,2022-10-10
77,2022-09-30,2022-10-09
78,2022-09-12,2022-10-11
79,2022-09-20,2022-10-29
80,2022-09-13,2022-10-08
81,2022-09-27,2022-10-14
82,2022-09-24,2022-10-30
83,2022-09-14,2022-10-23
84,2022-09-20,2022-10-18
85,2022-09-09,2022-10-14
86,2022-09-13,2022-10-27
87,2022-09-08,2022-10-27
88,2022-09-20,2022-10-19
89,2022-09-22,2022-10-21
90,2022-09-03,2022-10-16
91,2022-09-05,2022-10-31
92,2022-09-27,2022-10-13
93,2022-09-26,2022-10-31
94,2022-09-30,2022-10-09
95,2022-09-26,2022-10-17
96,2022-09-10,2022-10-18
97,2022-09-06,2022-10-05
98,2022-09-28,2022-10-14
99,2022-09-16,2022-10-17
100,2022-09-30,2022-10-11
101,2022-09-04,2022-10-11
102,2022-09-27,2022-10-11
103,2022-09-08,2022-10-17
104,2022-09-28,2022-10-17
105,2022-09-03,2022-10-12
106,2022-09-30,2022-10-19
107,2022-09-27,2022-10-12
108,2022-09-22,2022-10-06
109,2022-09-08,2022-10-11
110,2022-09-25,2022-10-27
111,2022-09-29,2022-10-07
112,2022-09-28,2022-10-29
113,2022-09-09,2022-10-31
114,2022-09-30,2022-10-15
115,2022-09-16,2022-10-19
116,2022-09-16,2022-10-20
117,2022-09-27,2022-10-16
118,2022-09-14,2022-10-19
119,2022-09-29,2022-10-21
120,2022-09-15,2022-10-26
121,2022-09-29,2022-10-17
122,2022-09-29,2022-10-20
123,2022-09-04,2022-10-06
124,2022-09-10,2022-10-15
125,2022-09-16,2022-10-22
126,2022-09-15,2022-10-19
127,2022-09-18,2022-10-15
128,2022-09-22,2022-10-04
129,2022-09-29,2022-10-05
130,2022-09-05,2022-10-07
131,2022-09-19,2022-10-06
132,2022-09-05,2022-10-12
133,2022-09-13,2022-11-01
134,2022-09-21,2022-10-24
135,2022-10-01,2022-10-24
136,2022-09-16,2022-10-04
137,2022-09-24,2022-10-14
138,2022-09-18,2022-10-07
139,2022-09-26,2022-10-06
140,2022-09-06,2022-10-13
141,2022-10-01,2022-10-10
142,2022-09-24,2022-10-25
143,2022-09-30,2022-10-28
144,2022-09-08,2022-10-26
145,2022-09-26,2022-10-18
146,2022-09-05,2022-10-11
147,2022-09-15,2022-10-07
148,2022-09-05,2022-10-24
149,2022-09-03,2022-10-25
150,2022-09-06,2022-10-26
151,2022-09-24,2022-10-17
152,2022-09-07,2022-11-01
153,2022-09-27,2022-10-24
154,2022-09-29,2022-10-10
155,2022-09-30,2022-10-06
156,2022-09-15,2022-10-08
157,2022-09-26,2022-10-14
158,2022-09-03,2022-10-27
159,2022-09-24,2022-10-28
160,2022-09-03,2022-10-29
161,2022-09-22,2022-10-11
162,2022-09-27,2022-10-15
163,2022-09-26,2022-10-07
164,2022-09-14,2022-10-19
165,2022-09-14,2022-10-05
166,2022-09-06,2022-10-05
167,2022-09-12,2022-10-27
168,2022-09-04,2022-10-20
169,2022-09-28,2022-10-27
170,2022-09-04,2022-10-25
171,2022-09-16,2022-10-29
172,2022-09-30,2022-10-16
173,2022-09-04,2022-10-11
174,2022-09-26,2022-10-06
175,2022-09-22,2022-10-17
176,2022-09-06,2022-11-01
177,2022-09-26,2022-10-30
178,2022-09-12,2022-10-22
179,2022-09-16,2022-10-12
180,2022-09-11,2022-10-25
181,2022-10-01,2022-10-28
182,2022-10-01,2022-10-05
183,2022-09-23,2022-10-13
184,2022-09-25,2022-10-31
185,2022-09-07,2022-10-11
186,2022-09-08,2022-10-13
187,2022-09-14,2022-10-29
188,2022-09-23,2022-10-10
189,2022-09-24,2022-10-18
190,2022-09-29,2022-10-18
191,2022-09-18,2022-10-24
192,2022-10-01,2022-10-14
193,2022-09-24,2022-10-28
194,2022-09-09,2022-10-19
195,2022-09-24,2022-10-04
196,2022-09-23,2022-10-14
197,2022-09-13,2022-10-31
198,2022-09-30,2022-10-14
199,2022-09-24,2022-10-04
200,2022-09-17,2022-10-30
201,2022-09-04,2022-10-29
202,2022-09-18,2022-10-29
203,2022-09-16,2022-10-18
204,2022-09-10,2022-10-10
205,2022-09-14,2022-11-01
206,2022-09-22,2022-10-22
207,2022-09-12,2022-10-25
208,2022-09-19,2022-10-11
209,2022-09-22,2022-10-20
210,2022-09-11,2022-10-05
211,2022-09-29,2022-10-13
212,2022-10-01,2022-10-10
213,2022-09-23,2022-10-25
214,2022-09-09,2022-10-28
215,2022-09-04,2022-10-14
216,2022-09-22,2022-10-21
217,2022-09-18,2022-10-16
218,2022-09-15,2022-10-06
219,2022-09-27,2022-10-07
220,2022-09-23,2022-10-19
221,2022-09-18,2022-10-20
222,2022-09-18,2022-10-11
223,2022-09-14,2022-11-01
224,2022-09-16,2022-10-26
225,2022-09-29,2022-10-14
226,2022-09-30,2022-10-13
227,2022-09-24,2022-10-30
228,2022-09-06,2022-10-10
229,2022-09-21,2022-10-17
230,2022-09-11,2022-10-30
231,2022-09-16,2022-10-17
232,2022-09-04,2022-10-20
233,2022-10-01,2022-10-20
234,2022-09-27,2022-10-06
235,2022-09-06,2022-10-12
236,2022-09-29,2022-10-26
237,2022-09-29,2022-10-05
238,2022-09-07,2022-10-09
239,2022-09-05,2022-10-15
240,2022-09-05,2022-10-12
241,2022-09-09,2022-10-06
242,2022-09-10,2022-10-23
243,2022-09-27,2022-10-07
244,2022-09-05,2022-10-09
245,2022-09-12,2022-10-04
246,2022-09-23,2022-10-24
247,2022-09-11,2022-10-30
248,2022-09-08,2022-10-04
249,2022-09-06,2022-10-23
250,2022-09-18,2022-10-26
251,2022-09-21,2022-10-25
252,2022-09-16,2022-10-06
253,2022-09-12,2022-10-04
254,2022-09-27,2022-10-24
255,2022-09-30,2022-10-09
256,2022-09-03,2022-10-31
257,2022-09-26,2022-10-13
258,2022-09-08,2022-10-07
259,2022-09-15,2022-11-01
260,2022-09-21,2022-10-06
261,2022-09-07,2022-10-09
262,2022-09-07,2022-10-27
263,2022-09-03,2022-10-31
264,2022-09-05,2022-10-23
265,2022-09-29,2022-10-28
266,2022-09-23,2022-10-28
267,2022-09-23,2022-11-01
268,2022-09-22,2022-10-31
269,2022-09-23,2022-10-16
270,2022-09-28,2022-10-05
271,2022-09-20,2022-10-16
272,2022-09-25,2022-10-14
273,2022-10-01,2022-10-12
274,2022-09-23,2022-10-25
275,2022-09-24,2022-10-09
276,2022-09-09,2022-11-01
277,2022-09-25,2022-10-29
278,2022-09-03,2022-10-06
279,2022-09-27,2022-10-18
280,2022-09-26,2022-10-08
281,2022-09-27,2022-10-14
282,2022-09-06,2022-11-01
283,2022-10-01,2022-10-06
284,2022-09-21,2022-10-15
285,2022-09-06,2022-10-25
286,2022-09-13,2022-10-22
287,2022-09-13,2022-10-26
288,2022-09-29,2022-11-01
289,2022-09-18,2022-10-10
290,2022-10-01,2022-10-27
291,2022-09-15,2022-10-06
292,2022-09-03,2022-10-13
293,2022-09-19,2022-10-22
294,2022-09-10,2022-10-15
295,2022-09-16,2022-10-04
296,2022-09-12,2022-10-20
297,2022-09-21,2022-10-22
298,2022-09-05,2022-10-21
299,2022-09-30,2022-10-25
300,2022-09-07,2022-10-24
301,2022-09-12,2022-10-31
302,2022-09-28,2022-10-14
303,2022-09-30,2022-10-21
304,2022-09-12,2022-10-08
305,2022-09-30,2022-10-20
306,2022-09-10,2022-10-26
307,2022-09-04,2022-10-09
308,2022-09-26,2022-10-21
309,2022-09-29,2022-10-09
310,2022-09-30,2022-10-06
311,2022-09-04,2022-10-06
312,2022-09-13,2022-10-29
313,2022-10-01,2022-10-20
314,2022-09-11,2022-10-16
315,2022-09-05,2022-10-16
316,2022-09-20,2022-10-17
317,2022-09-20,2022-10-18
318,2022-09-26,2022-11-01
319,2022-09-27,2022-10-22
320,2022-09-15,2022-10-10
321,2022-09-06,2022-10-28
322,2022-09-25,2022-10-20
323,2022-09-07,2022-10-11
324,2022-09-21,2022-10-19
325,2022-09-14,2022-10-28
326,2022-09-07,2022-10-26
327,2022-09-11,2022-10-21
328,2022-09-09,2022-10-15
329,2022-09-09,2022-10-23
330,2022-09-18,2022-10-25
331,2022-09-14,2022-10-07
332,2022-09-22,2022-10-15
333,2022-09-11,2022-10-09
334,2022-09-30,2022-10-29
335,2022-09-17,2022-10-18
336,2022-09-03,2022-10-30
337,2022-09-12,2022-10-24
338,2022-09-14,2022-10-19
339,2022-09-27,2022-10-06
340,2022-09-24,2022-10-10
341,2022-09-09,2022-10-31
342,2022-09-30,2022-10-26
343,2022-09-13,2022-10-31
344,2022-09-09,2022-10-20
345,2022-09-05,2022-10-19
346,2022-09-11,2022-10-22
347,2022-09-10,2022-10-26
348,2022-10-01,2022-10-09
349,2022-09-13,2022-10-28
350,2022-09-21,2022-10-05
351,2022-09-22,2022-10-31
352,2022-09-09,2022-10-11
353,2022-09-18,2022-10-18
354,2022-09-12,2022-10-04
355,2022-09-18,2022-10-04
356,2022-09-30,2022-10-24
357,2022-09-11,2022-10-17
358,2022-09-27,2022-11-01
359,2022-09-11,2022-10-31
360,2022-09-08,2022-10-30
361,2022-09-26,2022-10-27
362,2022-09-30,2022-10-27
363,2022-09-28,2022-10-11
364,2022-09-11,2022-10-13
365,2022-09-13,2022-10-28
366,2022-09-11,2022-10-05
367,2022-09-27,2022-10-25
368,2022-09-15,2022-10-10
369,2022-09-13,2022-10-28
370,2022-09-07,2022-10-25
371,2022-09-07,2022-10-31
372,2022-09-15,2022-10-08
373,2022-09-17,2022-10-11
374,2022-09-20,2022-10-21
375,2022-10-01,2022-10-15
376,2022-09-28,2022-10-10
377,2022-09-17,2022-10-09
378,2022-09-05,2022-10-22
379,2022-09-30,2022-10-17
380,2022-09-17,2022-10-17
381,2022-09-03,2022-10-25
382,2022-09-04,2022-10-28
383,2022-09-15,2022-10-24
384,2022-09-10,2022-10-09
385,2022-09-24,2022-10-24
386,2022-09-08,2022-10-05
387,2022-09-04,2022-10-05
388,2022-09-30,2022-10-30
389,2022-09-22,2022-10-09
390,2022-09-13,2022-10-17
391,2022-09-08,2022-10-11
392,2022-09-20,2022-10-30
393,2022-09-23,2022-10-08
394,2022-09-10,2022-10-23
395,2022-09-16,2022-11-01
396,2022-09-03,2022-10-29
397,2022-09-30,2022-10-12
398,2022-09-25,2022-10-31
399,2022-09-15,2022-10-28
400,2022-09-13,2022-10-06
401,2022-09-15,2022-10-30
402,2022-09-19,2022-10-28
403,2022-09-06,2022-10-29
404,2022-09-19,2022-10-06
405,2022-09-04,2022-10-22
406,2022-09-23,2022-10-24
407,2022-09-25,2022-10-04
408,2022-09-19,2022-10-21
409,2022-09-14,2022-10-09
410,2022-09-04,2022-10-23
411,2022-09-30,2022-10-11
412,2022-09-06,2022-10-18
413,2022-09-07,2022-10-29
414,2022-09-23,2022-10-29
415,2022-09-10,2022-10-12
416,2022-09-19,2022-10-30
417,2022-09-29,2022-10-05
418,2022-09-10,2022-10-30
419,2022-09-03,2022-10-08
420,2022-09-11,2022-10-09
421,2022-09-06,2022-10-17
422,2022-09-21,2022-10-20
423,2022-09-28,2022-10-05
424,2022-09-13,2022-11-01
425,2022-09-09,2022-10-18
426,2022-09-25,2022-10-28
427,2022-09-17,2022-10-14
428,2022-09-18,2022-10-10
429,2022-09-14,2022-10-21
430,2022-09-26,2022-10-29
431,2022-09-19,2022-10-31
432,2022-09-09,2022-10-10
433,2022-09-03,2022-10-06
434,2022-09-14,2022-10-26
435,2022-09-13,2022-10-09
436,2022-09-09,2022-10-10
437,2022-09-15,2022-10-21
438,2022-09-30,2022-10-23
439,2022-09-23,2022-10-28
440,2022-09-15,2022-10-13
441,2022-09-24,2022-10-24
442,2022-09-23,2022-11-01
443,2022-09-30,2022-10-22
444,2022-09-11,2022-10-28
445,2022-09-18,2022-10-16
446,2022-09-06,2022-10-05
447,2022-09-09,2022-10-11
448,2022-09-23,2022-10-25
449,2022-09-14,2022-10-08
450,2022-09-13,2022-10-26
451,2022-09-20,2022-10-12
452,2022-09-09,2022-11-01
453,2022-09-23,2022-10-16
454,2022-09-08,2022-10-07
455,2022-09-20,2022-10-27
456,2022-09-19,2022-10-15
457,2022-09-12,2022-10-21
458,2022-09-09,2022-10-13
459,2022-09-13,2022-10-17
460,2022-09-06,2022-10-26
461,2022-09-13,2022-10-06
462,2022-09-18,2022-10-04
463,2022-09-08,2022-10-21
464,2022-09-12,2022-10-10
465,2022-09-25,2022-10-14
466,2022-09-13,2022-10-27
467,2022-09-28,2022-10-16
468,2022-09-20,2022-10-05
469,2022-09-29,2022-10-28
470,2022-09-21,2022-10-13
471,2022-09-11,2022-10-17
472,2022-09-26,2022-10-29
473,2022-09-08,2022-10-15
474,2022-09-24,2022-10-11
475,2022-09-18,2022-10-18
476,2022-09-05,2022-10-20
477,2022-09-03,2022-10-20
478,2022-09-28,2022-10-20
479,2022-09-04,2022-10-07
480,2022-09-25,2022-10-05
481,2022-09-25,2022-11-01
482,2022-09-19,2022-10-17
483,2022-09-25,2022-10-12
484,2022-09-21,2022-10-25
485,2022-09-30,2022-10-26
486,2022-09-16,2022-10-13
487,2022-09-07,2022-10-29
488,2022-09-05,2022-10-18
489,2022-09-24,2022-10-20
490,2022-09-09,2022-10-29
491,2022-09-29,2022-10-21
492,2022-09-21,2022-10-15
493,2022-09-18,2022-10-11
494,2022-09-04,2022-10-12
495,2022-09-07,2022-10-15
496,2022-09-17,2022-10-08
497,2022-09-08,2022-10-08
498,2022-09-24,2022-10-11
499,2022-09-26,2022-10-08
500,2022-10-01,2022-10-22
501,2022-09-26,2022-10-29
502,2022-09-21,2022-10-22
503,2022-09-30,2022-10-17
504,2022-09-09,2022-10-22
505,2022-09-05,2022-10-10
506,2022-09-08,2022-10-10
507,2022-09-12,2022-10-21
508,2022-09-25,2022-10-10
509,2022-09-05,2022-10-14
510,2022-09-17,2022-10-30
511,2022-09-13,2022-10-12
512,2022-09-10,2022-10-21
513,2022-09-27,2022-10-28
514,2022-09-07,2022-10-22
515,2022-09-26,2022-10-18
516,2022-09-23,2022-10-10
517,2022-09-22,2022-10-15
518,2022-09-10,2022-10-27
519,2022-09-18,2022-10-30
520,2022-09-12,2022-10-09
521,2022-09-09,2022-10-30
522,2022-09-14,2022-10-29
523,2022-09-29,2022-10-05
524,2022-09-10,2022-10-28
525,2022-09-28,2022-10-18
526,2022-09-29,2022-10-09
527,2022-09-19,2022-10-05
528,2022-09-26,2022-10-17
529,2022-09-09,2022-10-16
530,2022-09-29,2022-10-28
531,2022-09-06,2022-10-25
532,2022-09-09,2022-10-15
533,2022-09-21,2022-10-24
534,2022-09-16,2022-10-13
535,2022-09-09,2022-10-26
536,2022-09-09,2022-10-24
537,2022-09-29,2022-10-16
538,2022-09-09,2022-10-14
539,2022-09-21,2022-10-07
540,2022-09-04,2022-10-21
541,2022-09-23,2022-10-05
542,2022-09-13,2022-10-15
543,2022-09-08,2022-10-17
544,2022-09-04,2022-10-18
545,2022-09-22,2022-10-21
546,2022-09-07,2022-10-16
547,2022-09-17,2022-10-10
548,2022-09-11,2022-10-26
549,2022-09-09,2022-10-27
550,2022-09-30,2022-10-31
551,2022-09-17,2022-10-26
552,2022-09-14,2022-10-16
553,2022-09-16,2022-10-17
554,2022-09-25,2022-10-24
555,2022-09-19,2022-10-30
556,2022-09-06,2022-10-28
557,2022-09-12,2022-10-06
558,2022-09-18,2022-10-04
559,2022-10-01,2022-10-16
560,2022-09-29,2022-10-26
561,2022-09-25,2022-10-23
562,2022-09-04,2022-10-23
563,2022-10-01,2022-10-06
564,2022-09-28,2022-11-01
565,2022-09-28,2022-10-15
566,2022-09-19,2022-10-12
567,2022-09-08,2022-10-05
568,2022-10-01,2022-10-28
569,2022-09-03,2022-11-01
570,2022-09-16,2022-10-29
571,2022-09-12,2022-10-10
572,2022-09-28,2022-10-08
573,2022-10-01,2022-10-31
574,2022-09-23,2022-10-10
575,2022-09-27,2022-10-17
576,2022-09-25,2022-10-28
577,2022-09-13,2022-10-20
578,2022-09-16,2022-10-04
579,2022-09-14,2022-10-16
580,2022-10-01,2022-10-10
581,2022-09-16,2022-10-29
582,2022-09-20,2022-10-30
583,2022-09-26,2022-10-14
584,2022-09-05,2022-10-27
585,2022-09-21,2022-10-27
586,2022-09-05,2022-10-25
587,2022-09-16,2022-10-06
588,2022-09-19,2022-10-13
589,2022-09-19,2022-10-17
590,2022-09-09,2022-10-17
591,2022-09-14,2022-10-17
592,2022-09-14,2022-10-08
593,2022-09-30,2022-10-17
594,2022-09-27,2022-10-21
595,2022-09-12,2022-10-22
596,2022-09-18,2022-10-05
597,2022-09-05,2022-10-10
598,2022-09-18,2022-10-16
599,2022-09-10,2022-10-15
600,2022-09-08,2022-10-10
601,2022-09-30,2022-10-09
602,2022-09-12,2022-10-19
603,2022-09-25,2022-10-16
604,2022-09-17,2022-10-17
605,2022-09-10,2022-10-19
606,2022-09-08,2022-10-21
607,2022-09-10,2022-10-20
608,2022-09-06,2022-10-29
609,2022-09-08,2022-10-11
610,2022-09-03,2022-11-01
611,2022-09-03,2022-10-04
612,2022-09-24,2022-10-09
613,2022-09-09,2022-10-18
614,2022-09-24,2022-10-18
615,2022-09-19,2022-10-23
616,2022-10-01,2022-10-07
617,2022-09-06,2022-10-18
618,2022-09-30,2022-10-16
619,2022-09-07,2022-10-07
620,2022-09-11,2022-10-24
621,2022-09-12,2022-10-22
622,2022-09-21,2022-10-25
623,2022-09-18,2022-10-12
624,2022-09-17,2022-10-28
625,2022-09-09,2022-10-24
626,2022-09-03,2022-10-10
627,2022-09-18,2022-10-28
628,2022-09-29,2022-10-16
629,2022-09-03,2022-10-04
630,2022-09-24,2022-10-05
631,2022-09-10,2022-10-27
632,2022-09-15,2022-10-31
633,2022-09-07,2022-10-17
634,2022-09-27,2022-10-17
635,2022-09-05,2022-10-05
636,2022-09-24,2022-11-01
637,2022-09-08,2022-10-12
638,2022-09-21,2022-10-25
639,2022-09-10,2022-10-15
640,2022-09-07,2022-10-29
641,2022-09-21,2022-10-10
642,2022-09-21,2022-10-23
643,2022-09-13,2022-10-28
644,2022-09-24,2022-10-21
645,2022-09-08,2022-10-18
646,2022-09-28,2022-10-07
647,2022-09-15,2022-10-11
648,2022-09-15,2022-10-29
649,2022-09-06,2022-10-05
650,2022-09-08,2022-10-28
651,2022-09-21,2022-10-24
652,2022-09-08,2022-10-08
653,2022-09-17,2022-10-30
654,2022-09-13,2022-10-05
655,2022-09-19,2022-10-28
656,2022-09-25,2022-10-29
657,2022-09-14,2022-10-04
658,2022-09-27,2022-10-28
659,2022-09-10,2022-11-01
660,2022-09-15,2022-10-15
661,2022-09-27,2022-10-07
662,2022-09-09,2022-10-23
663,2022-09-28,2022-10-12
664,2022-09-08,2022-10-27
665,2022-09-27,2022-10-09
666,2022-09-12,2022-10-30
667,2022-09-20,2022-10-09
668,2022-09-19,2022-10-26
669,2022-09-27,2022-10-04
670,2022-09-13,2022-10-08
671,2022-09-20,2022-10-28
672,2022-09-06,2022-10-11
673,2022-09-09,2022-10-28
674,2022-09-13,2022-10-12
675,2022-09-26,2022-10-26
676,2022-09-13,2022-10-27
677,2022-09-25,2022-11-01
678,2022-09-05,2022-10-15
679,2022-09-15,2022-11-01
680,2022-09-10,2022-10-28
681,2022-09-23,2022-10-10
682,2022-09-09,2022-10-18
683,2022-09-29,2022-10-31
684,2022-09-28,2022-10-05
685,2022-09-29,2022-10-13
686,2022-09-12,2022-10-11
687,2022-09-05,2022-10-24
688,2022-09-06,2022-10-22
689,2022-09-28,2022-10-06
690,2022-09-12,2022-10-18
691,2022-09-24,2022-10-19
692,2022-10-01,2022-10-14
693,2022-09-23,2022-10-12
694,2022-09-25,2022-10-24
695,2022-09-03,2022-10-24
696,2022-09-15,2022-10-27
697,2022-09-30,2022-10-25
698,2022-09-24,2022-10-19
699,2022-09-17,2022-10-07
700,2022-09-18,2022-10-10
701,2022-09-04,2022-10-14
702,2022-09-14,2022-10-20
703,2022-09-17,2022-10-16
704,2022-09-24,2022-10-27
705,2022-09-04,2022-10-07
706,2022-09-04,2022-10-12
707,2022-09-23,2022-10-21
708,2022-09-09,2022-10-12
709,2022-09-19,2022-10-23
710,2022-09-12,2022-10-26
711,2022-09-30,2022-10-22
712,2022-09-12,2022-10-31
713,2022-09-26,2022-10-31
714,2022-09-28,2022-10-18
715,2022-09-22,2022-10-28
716,2022-09-17,2022-10-21
717,2022-09-06,2022-10-30
718,2022-09-27,2022-10-22
719,2022-09-19,2022-10-08
720,2022-09-19,2022-10-26
721,2022-09-06,2022-10-14
722,2022-09-08,2022-10-30
723,2022-09-10,2022-10-30
724,2022-09-18,2022-10-09
725,2022-09-08,2022-10-24
726,2022-09-22,2022-10-06
727,2022-09-07,2022-10-24
728,2022-09-17,2022-10-04
729,2022-10-01,2022-10-14
730,2022-09-06,2022-10-24
731,2022-09-29,2022-10-04
732,2022-09-08,2022-10-17
733,2022-09-17,2022-10-08
734,2022-09-08,2022-10-26
735,2022-09-04,2022-10-17
736,2022-09-16,2022-10-17
737,2022-09-09,2022-10-21
738,2022-09-10,2022-10-25
739,2022-09-21,2022-10-27
740,2022-09-14,2022-10-08
741,2022-09-20,2022-11-01
742,2022-09-11,2022-10-10
743,2022-09-18,2022-10-23
744,2022-09-03,2022-10-23
745,2022-09-21,2022-10-08
746,2022-09-16,2022-10-18
747,2022-09-08,2022-10-08
748,2022-09-25,2022-10-31
749,2022-09-10,2022-10-25
750,2022-09-19,2022-10-16
751,2022-09-23,2022-10-17
752,2022-09-16,2022-10-30
753,2022-09-26,2022-10-30
754,2022-09-25,2022-10-19
755,2022-09-07,2022-10-16
756,2022-09-15,2022-10-26
757,2022-09-04,2022-11-01
758,2022-09-09,2022-10-21
759,2022-09-19,2022-10-30
760,2022-09-30,2022-10-31
761,2022-09-22,2022-10-29
762,2022-09-09,2022-10-21
763,2022-09-22,2022-10-09
764,2022-09-23,2022-10-15
765,2022-09-13,2022-10-13
766,2022-09-19,2022-10-23
767,2022-09-26,2022-10-15
768,2022-09-16,2022-10-28
769,2022-09-06,2022-10-28
770,2022-09-26,2022-10-31
771,2022-09-09,2022-10-08
772,2022-09-17,2022-10-30
773,2022-09-26,2022-10-15
774,2022-09-16,2022-11-01
775,2022-09-16,2022-10-14
776,2022-09-11,2022-10-26
777,2022-09-25,2022-10-18
778,2022-09-07,2022-10-18
779,2022-09-07,2022-10-11
780,2022-09-09,2022-10-30
781,2022-09-06,2022-10-07
782,2022-09-05,2022-10-22
783,2022-09-17,2022-11-01
784,2022-09-19,2022-10-11
785,2022-09-30,2022-10-08
786,2022-09-18,2022-10-30
787,2022-09-30,2022-10-24
788,2022-09-09,2022-10-05
789,2022-09-11,2022-10-22
790,2022-09-11,2022-10-23
791,2022-09-23,2022-10-27
792,2022-09-15,2022-10-04
793,2022-10-01,2022-10-28
794,2022-09-22,2022-10-19
795,2022-09-25,2022-10-14
796,2022-09-24,2022-10-04
797,2022-09-03,2022-10-20
798,2022-09-11,2022-10-30
799,2022-09-08,2022-10-07
800,2022-10-01,2022-10-31
801,2022-09-06,2022-10-04
802,2022-09-17,2022-10-10
803,2022-09-03,2022-10-20
804,2022-09-13,2022-10-15
805,2022-09-12,2022-10-22
806,2022-09-30,2022-10-13
807,2022-09-20,2022-10-06
808,2022-09-20,2022-10-29
809,2022-09-24,2022-10-11
810,2022-09-14,2022-10-16
811,2022-09-09,2022-10-08
812,2022-09-09,2022-10-31
813,2022-09-16,2022-10-23
814,2022-09-24,2022-10-28
815,2022-09-14,2022-10-13
816,2022-09-15,2022-10-19
817,2022-09-17,2022-10-04
818,2022-09-17,2022-10-17
819,2022-09-10,2022-10-22
820,2022-09-24,2022-10-13
821,2022-09-30,2022-10-20
822,2022-09-20,2022-10-06
823,2022-09-18,2022-10-21
824,2022-09-15,2022-10-28
825,2022-09-09,2022-10-21
826,2022-09-13,2022-11-01
827,2022-10-01,2022-10-27
828,2022-09-15,2022-10-31
829,2022-10-01,2022-10-28
830,2022-09-26,2022-10-10
831,2022-09-06,2022-10-29
832,2022-09-09,2022-10-05
833,2022-09-25,2022-10-30
834,2022-09-15,2022-10-09
835,2022-09-18,2022-10-22
836,2022-09-27,2022-10-16
837,2022-09-23,2022-11-01
838,2022-09-14,2022-10-13
839,2022-09-11,2022-10-09
840,2022-09-23,2022-10-27
841,2022-09-26,2022-10-14
842,2022-09-09,2022-10-21
843,2022-09-22,2022-10-18
844,2022-09-20,2022-10-25
845,2022-09-30,2022-11-01
846,2022-09-17,2022-10-27
847,2022-09-13,2022-10-27
848,2022-09-24,2022-10-05
849,2022-09-05,2022-10-17
850,2022-09-14,2022-10-17
851,2022-09-05,2022-10-04
852,2022-09-24,2022-10-20
853,2022-09-19,2022-10-30
854,2022-09-10,2022-10-09
855,2022-09-14,2022-10-25
856,2022-09-03,2022-10-14
857,2022-09-16,2022-11-01
858,2022-09-24,2022-10-10
859,2022-10-01,2022-10-29
860,2022-09-20,2022-10-24
861,2022-09-22,2022-10-06
862,2022-09-27,2022-10-27
863,2022-09-27,2022-10-05
864,2022-09-07,2022-10-14
865,2022-09-21,2022-10-31
866,2022-10-01,2022-11-01
867,2022-09-14,2022-10-07
868,2022-09-14,2022-10-16
869,2022-09-09,2022-10-19
870,2022-09-20,2022-10-20
871,2022-09-23,2022-10-14
872,2022-09-23,2022-10-14
873,2022-09-20,2022-10-16
874,2022-09-15,2022-10-09
875,2022-09-16,2022-10-12
876,2022-09-11,2022-10-16
877,2022-09-18,2022-10-12
878,2022-09-28,2022-10-25
879,2022-09-09,2022-10-25
880,2022-09-25,2022-10-21
881,2022-09-05,2022-10-30
882,2022-09-25,2022-10-16
883,2022-09-24,2022-10-17
884,2022-09-05,2022-10-12
885,2022-09-21,2022-10-27
886,2022-09-24,2022-10-14
887,2022-09-20,2022-10-27
888,2022-09-10,2022-10-09
889,2022-09-10,2022-10-08
890,2022-09-21,2022-10-17
891,2022-09-28,2022-10-12
892,2022-09-13,2022-10-13
893,2022-09-25,2022-10-22
894,2022-09-27,2022-10-09
895,2022-09-15,2022-10-18
896,2022-09-06,2022-10-26
897,2022-09-27,2022-10-31
898,2022-09-03,2022-10-30
899,2022-09-11,2022-10-30
900,2022-09-25,2022-10-15
901,2022-09-10,2022-10-28
902,2022-09-16,2022-10-25
903,2022-09-28,2022-10-11
904,2022-09-07,2022-10-05
905,2022-09-27,2022-10-25
906,2022-09-21,2022-10-25
907,2022-09-17,2022-10-05
908,2022-09-07,2022-10-21
909,2022-09-07,2022-10-24
910,2022-09-06,2022-10-07
911,2022-09-17,2022-10-15
912,2022-09-09,2022-10-16
913,2022-09-07,2022-10-14
914,2022-09-23,2022-10-26
915,2022-10-01,2022-10-16
916,2022-09-11,2022-10-24
917,2022-09-19,2022-10-10
918,2022-09-05,2022-10-26
919,2022-09-08,2022-10-04
920,2022-09-09,2022-10-19
921,2022-09-22,2022-10-16
922,2022-09-23,2022-10-08
923,2022-09-09,2022-10-19
924,2022-09-15,2022-10-04
925,2022-09-25,2022-10-28
926,2022-09-19,2022-10-17
927,2022-09-24,2022-10-26
928,2022-09-30,2022-10-21
929,2022-09-19,2022-10-11
930,2022-09-03,2022-10-04
931,2022-09-25,2022-10-10
932,2022-09-20,2022-10-05
933,2022-09-16,2022-10-18
934,2022-09-04,2022-10-23
935,2022-09-15,2022-10-07
936,2022-09-15,2022-10-13
937,2022-09-17,2022-10-17
938,2022-09-03,2022-10-15
939,2022-09-09,2022-10-24
940,2022-09-04,2022-10-06
941,2022-09-29,2022-10-22
942,2022-09-14,2022-10-28
943,2022-09-09,2022-10-21
944,2022-09-12,2022-10-15
945,2022-09-08,2022-10-14
946,2022-09-14,2022-10-27
947,2022-09-28,2022-10-19
948,2022-09-07,2022-10-10
949,2022-09-16,2022-10-27
950,2022-09-18,2022-10-12
951,2022-09-22,2022-10-12
952,2022-09-26,2022-10-30
953,2022-09-21,2022-10-06
954,2022-09-03,2022-10-13
955,2022-09-04,2022-10-04
956,2022-09-12,2022-10-26
957,2022-09-19,2022-10-16
958,2022-09-22,2022-10-07
959,2022-09-26,2022-10-27
960,2022-09-22,2022-11-01
961,2022-09-09,2022-10-31
962,2022-09-20,2022-10-24
963,2022-09-27,2022-10-21
964,2022-09-22,2022-10-27
965,2022-09-08,2022-10-07
966,2022-09-24,2022-10-04
967,2022-09-15,2022-10-20
968,2022-09-30,2022-10-22
969,2022-09-10,2022-10-14
970,2022-09-08,2022-10-29
971,2022-09-05,2022-10-31
972,2022-09-13,2022-10-23
973,2022-10-01,2022-10-14
974,2022-09-09,2022-10-17
975,2022-09-26,2022-10-23
976,2022-09-05,2022-10-23
977,2022-09-09,2022-10-14
978,2022-09-30,2022-10-18
979,2022-09-08,2022-10-09
980,2022-09-12,2022-10-30
981,2022-09-07,2022-10-20
982,2022-09-07,2022-10-19
983,2022-09-14,2022-10-16
984,2022-09-09,2022-10-17
985,2022-09-21,2022-10-18
986,2022-09-20,2022-10-11
987,2022-09-27,2022-10-13
988,2022-09-03,2022-10-08
989,2022-09-10,2022-10-15
990,2022-09-18,2022-10-17
991,2022-09-04,2022-10-31
992,2022-09-07,2022-10-13
993,2022-10-01,2022-10-16
994,2022-09-25,2022-10-29
995,2022-09-07,2022-10-05
996,2022-09-27,2022-10-10
997,2022-09-28,2022-10-06
998,2022-09-23,2022-10-05
999,2022-09-27,2022-10-31
1000,2022-09-24,2022-10-28
